<?xml version="1.0" encoding="UTF-8"?>
<AnalyticsSettings xmlns="http://soap.sforce.com/2006/04/metadata">
    <alwaysGenPreviews>false</alwaysGenPreviews>
    <analyticsAdoptionMetadata>false</analyticsAdoptionMetadata>
    <autoInstallApps>false</autoInstallApps>
    <canAccessAnalyticsViaAPI>false</canAccessAnalyticsViaAPI>
    <canAnnotateDashboards>false</canAnnotateDashboards>
    <canEnableSavedView>true</canEnableSavedView>
    <canExploreDataConversationally>false</canExploreDataConversationally>
    <canShareAppsWithCommunities>false</canShareAppsWithCommunities>
    <canViewThumbnailAssets>false</canViewThumbnailAssets>
    <enableAnalyticsSharingEnable>true</enableAnalyticsSharingEnable>
    <enableAutoCompleteCombo>true</enableAutoCompleteCombo>
    <enableDashboardComponentSnapshot>true</enableDashboardComponentSnapshot>
    <enableDashboardFlexiTable>true</enableDashboardFlexiTable>
    <enableEmailReportsToPortalUsers>false</enableEmailReportsToPortalUsers>
    <enableFloatingReportHeaders>true</enableFloatingReportHeaders>
    <enableInsights>false</enableInsights>
    <enableLightningReportBuilder>false</enableLightningReportBuilder>
    <enableLotusNotesImages>false</enableLotusNotesImages>
    <enableMassEnableReportBuilder>true</enableMassEnableReportBuilder>
    <enableNewChartsEngine>true</enableNewChartsEngine>
    <enableOrgHasMobileOfflineEnabled>true</enableOrgHasMobileOfflineEnabled>
    <enableOrgHasWatchlistEnabled>true</enableOrgHasWatchlistEnabled>
    <enableQueryLiveConnectors>true</enableQueryLiveConnectors>
    <enableRemoveFooterForRepDisplay>false</enableRemoveFooterForRepDisplay>
    <enableRemoveFooterFromRepExp>true</enableRemoveFooterFromRepExp>
    <enableReportHideXlsExportPref>false</enableReportHideXlsExportPref>
    <enableReportInlineEditPref>false</enableReportInlineEditPref>
    <enableReportNotificationsEnable>true</enableReportNotificationsEnable>
    <enableS1AnalyticsEclairEnable>true</enableS1AnalyticsEclairEnable>
    <enableS3OutputConnector>false</enableS3OutputConnector>
    <enableSFXJoinedReportsEnable>false</enableSFXJoinedReportsEnable>
    <enableSalesforceOutputConnector>false</enableSalesforceOutputConnector>
    <enableSecureImageSharing>false</enableSecureImageSharing>
    <enableSnowflakeOutputConnector>false</enableSnowflakeOutputConnector>
    <enableTableauHyperOutputConnector>false</enableTableauHyperOutputConnector>
    <enableUseOldChartsLookAndFeel>false</enableUseOldChartsLookAndFeel>
    <enableWaveIndexMVDim>true</enableWaveIndexMVDim>
    <enableWaveIndexMVDimV2>false</enableWaveIndexMVDimV2>
    <enableWaveRecordNavigation>false</enableWaveRecordNavigation>
    <enableWaveReplication>false</enableWaveReplication>
    <enableWaveSharingInheritance>false</enableWaveSharingInheritance>
    <maxHoursAppInProgress>48</maxHoursAppInProgress>
    <replaceBlankMeasuresWithNulls>false</replaceBlankMeasuresWithNulls>
    <turnOnTimeZones>false</turnOnTimeZones>
</AnalyticsSettings>
