<?xml version="1.0" encoding="UTF-8"?>
<CaseSettings xmlns="http://soap.sforce.com/2006/04/metadata">
    <caseAutoProcUser>false</caseAutoProcUser>
    <caseFeedItemSettings>
        <characterLimit>400</characterLimit>
        <displayFormat>Default</displayFormat>
        <feedItemType>EmailMessageEvent</feedItemType>
    </caseFeedItemSettings>
    <caseFeedReadUnreadLtng>false</caseFeedReadUnreadLtng>
    <caseMergeInLightning>false</caseMergeInLightning>
    <closeCaseThroughStatusChange>true</closeCaseThroughStatusChange>
    <defaultCaseFeedLayoutOn>false</defaultCaseFeedLayoutOn>
    <defaultCaseOwner>service.lsdao5ub8kbw@example.com</defaultCaseOwner>
    <defaultCaseOwnerType>User</defaultCaseOwnerType>
    <emailToCase>
        <enableE2CAttachmentAsFile>false</enableE2CAttachmentAsFile>
        <enableE2CSourceTracking>true</enableE2CSourceTracking>
        <enableEmailToCase>true</enableEmailToCase>
        <enableHtmlEmail>true</enableHtmlEmail>
        <enableOnDemandEmailToCase>true</enableOnDemandEmailToCase>
        <enableThreadIDInBody>true</enableThreadIDInBody>
        <enableThreadIDInSubject>true</enableThreadIDInSubject>
        <notifyOwnerOnNewCaseEmail>true</notifyOwnerOnNewCaseEmail>
        <overEmailLimitAction>Bounce</overEmailLimitAction>
        <preQuoteSignature>false</preQuoteSignature>
        <unauthorizedSenderAction>Discard</unauthorizedSenderAction>
    </emailToCase>
    <enableCaseFeed>true</enableCaseFeed>
    <enableCollapseEmailThread>true</enableCollapseEmailThread>
    <enableDraftEmails>true</enableDraftEmails>
    <enableEarlyEscalationRuleTriggers>false</enableEarlyEscalationRuleTriggers>
    <enableEmailActionDefaultsHandler>false</enableEmailActionDefaultsHandler>
    <enableEscalateQfiToCaseInternal>false</enableEscalateQfiToCaseInternal>
    <enableMultiLangSolnSrchCSS>false</enableMultiLangSolnSrchCSS>
    <enableMultiLangSolnSrchPKB>false</enableMultiLangSolnSrchPKB>
    <enableMultiLangSolution>false</enableMultiLangSolution>
    <enableSolutionCategory>false</enableSolutionCategory>
    <enableSolutionInlineCategory>true</enableSolutionInlineCategory>
    <enableSolutionShortSummary>true</enableSolutionShortSummary>
    <enableSuggestedArticlesApplication>false</enableSuggestedArticlesApplication>
    <enableSuggestedArticlesCustomerPortal>false</enableSuggestedArticlesCustomerPortal>
    <enableSuggestedArticlesPartnerPortal>false</enableSuggestedArticlesPartnerPortal>
    <enableSuggestedSolutions>true</enableSuggestedSolutions>
    <escalateCaseBefore>false</escalateCaseBefore>
    <keepRecordTypeOnAssignmentRule>true</keepRecordTypeOnAssignmentRule>
    <notifyContactOnCaseComment>false</notifyContactOnCaseComment>
    <notifyDefaultCaseOwner>false</notifyDefaultCaseOwner>
    <notifyOwnerOnCaseComment>false</notifyOwnerOnCaseComment>
    <notifyOwnerOnCaseOwnerChange>false</notifyOwnerOnCaseOwnerChange>
    <showEmailAttachmentsInCaseAttachmentsRL>true</showEmailAttachmentsInCaseAttachmentsRL>
    <showFewerCloseActions>false</showFewerCloseActions>
    <systemUserEmail>noreply@00d5y000001bkxsuay</systemUserEmail>
    <useSystemEmailAddress>true</useSystemEmailAddress>
    <useSystemUserAsDefaultCaseUser>true</useSystemUserAsDefaultCaseUser>
    <visibleInCssCheckbox>false</visibleInCssCheckbox>
    <webToCase>
        <enableWebToCase>false</enableWebToCase>
    </webToCase>
</CaseSettings>
