<?xml version="1.0" encoding="UTF-8"?>
<ContentSettings xmlns="http://soap.sforce.com/2006/04/metadata">
    <enableCMSC2CConnections>true</enableCMSC2CConnections>
    <enableChatterFileLink>true</enableChatterFileLink>
    <enableContent>true</enableContent>
    <enableContentAutoAssign>false</enableContentAutoAssign>
    <enableContentDistForPortalUsers>true</enableContentDistForPortalUsers>
    <enableContentDistPwOptionsBit1>false</enableContentDistPwOptionsBit1>
    <enableContentDistPwOptionsBit2>false</enableContentDistPwOptionsBit2>
    <enableContentDistribution>true</enableContentDistribution>
    <enableContentSupportMultiLanguage>false</enableContentSupportMultiLanguage>
    <enableContentWorkspaceAccess>true</enableContentWorkspaceAccess>
    <enableDeleteFileInContentPacks>false</enableDeleteFileInContentPacks>
    <enableFileShareSetByRecord>false</enableFileShareSetByRecord>
    <enableFilesUsrShareNetRestricted>false</enableFilesUsrShareNetRestricted>
    <enableJPGPreviews>false</enableJPGPreviews>
    <enableLibraryManagedFiles>false</enableLibraryManagedFiles>
    <enableSiteGuestUserToUploadFiles>true</enableSiteGuestUserToUploadFiles>
    <enableUploadFilesOnAttachments>false</enableUploadFilesOnAttachments>
    <setValidContentTypeForAtchDocDownload>false</setValidContentTypeForAtchDocDownload>
    <skipContentAssetTriggers>false</skipContentAssetTriggers>
</ContentSettings>
