<?xml version="1.0" encoding="UTF-8"?>
<EACSettings xmlns="http://soap.sforce.com/2006/04/metadata">
    <autoPopulateGoogleMeetLinks>false</autoPopulateGoogleMeetLinks>
    <enableActivityAnalyticsPref>false</enableActivityAnalyticsPref>
    <enableEACForEveryonePref>false</enableEACForEveryonePref>
    <enableInboxActivitySharing>false</enableInboxActivitySharing>
    <enableInsightsInTimeline>true</enableInsightsInTimeline>
    <enableInsightsInTimelineEacStd>false</enableInsightsInTimelineEacStd>
    <provisionProductivityFeatures>false</provisionProductivityFeatures>
    <syncInternalEvents>false</syncInternalEvents>
</EACSettings>
