<?xml version="1.0" encoding="UTF-8"?>
<KnowledgeSettings xmlns="http://soap.sforce.com/2006/04/metadata">
    <answers>
        <enableArticleCreation>false</enableArticleCreation>
    </answers>
    <cases>
        <enableArticleCreation>false</enableArticleCreation>
        <enableArticlePublicSharingSites>false</enableArticlePublicSharingSites>
        <enableCaseDataCategoryMapping>true</enableCaseDataCategoryMapping>
        <useProfileForPDFCreation>false</useProfileForPDFCreation>
    </cases>
    <defaultLanguage>en_US</defaultLanguage>
    <enableChatterQuestionKBDeflection>false</enableChatterQuestionKBDeflection>
    <enableCreateEditOnArticlesTab>true</enableCreateEditOnArticlesTab>
    <enableExternalMediaContent>true</enableExternalMediaContent>
    <enableKbStandardSharing>false</enableKbStandardSharing>
    <enableKnowledge>true</enableKnowledge>
    <enableKnowledgeAgentContribution>false</enableKnowledgeAgentContribution>
    <enableKnowledgeAnswersPromotion>false</enableKnowledgeAnswersPromotion>
    <enableKnowledgeArticleTextHighlights>true</enableKnowledgeArticleTextHighlights>
    <enableKnowledgeCaseRL>false</enableKnowledgeCaseRL>
    <enableKnowledgeKeywordAutoComplete>true</enableKnowledgeKeywordAutoComplete>
    <enableKnowledgeTitleAutoComplete>true</enableKnowledgeTitleAutoComplete>
    <enableLightningKbAutoLoadRichTextField>false</enableLightningKbAutoLoadRichTextField>
    <enableLightningKnowledge>true</enableLightningKnowledge>
    <showArticleSummariesCustomerPortal>true</showArticleSummariesCustomerPortal>
    <showArticleSummariesInternalApp>true</showArticleSummariesInternalApp>
    <showArticleSummariesPartnerPortal>true</showArticleSummariesPartnerPortal>
    <showValidationStatusField>true</showValidationStatusField>
    <suggestedArticles>
        <caseFields>
            <field>
                <name>Subject</name>
            </field>
        </caseFields>
        <useSuggestedArticlesForCase>true</useSuggestedArticlesForCase>
        <workOrderFields>
            <field>
                <name>Subject</name>
            </field>
        </workOrderFields>
        <workOrderLineItemFields>
            <field>
                <name>Subject</name>
            </field>
        </workOrderLineItemFields>
    </suggestedArticles>
    <votingEnabled>true</votingEnabled>
</KnowledgeSettings>
