<?xml version="1.0" encoding="UTF-8"?>
<SecuritySettings xmlns="http://soap.sforce.com/2006/04/metadata">
    <canUsersGrantLoginAccess>true</canUsersGrantLoginAccess>
    <enableAdminLoginAsAnyUser>false</enableAdminLoginAsAnyUser>
    <enableAuditFieldsInactiveOwner>false</enableAuditFieldsInactiveOwner>
    <enableAuraSecureEvalPref>true</enableAuraSecureEvalPref>
    <enableRequireHttpsConnection>true</enableRequireHttpsConnection>
    <networkAccess/>
    <passwordPolicies>
        <complexity>AlphaNumeric</complexity>
        <expiration>NinetyDays</expiration>
        <historyRestriction>3</historyRestriction>
        <lockoutInterval>FifteenMinutes</lockoutInterval>
        <maxLoginAttempts>TenAttempts</maxLoginAttempts>
        <minimumPasswordLength>8</minimumPasswordLength>
        <minimumPasswordLifetime>false</minimumPasswordLifetime>
        <obscureSecretAnswer>false</obscureSecretAnswer>
        <questionRestriction>DoesNotContainPassword</questionRestriction>
    </passwordPolicies>
    <sessionSettings>
        <allowUserAuthenticationByCertificate>false</allowUserAuthenticationByCertificate>
        <canConfirmEmailChangeInLightningCommunities>true</canConfirmEmailChangeInLightningCommunities>
        <canConfirmIdentityBySmsOnly>true</canConfirmIdentityBySmsOnly>
        <disableTimeoutWarning>false</disableTimeoutWarning>
        <enableBuiltInAuthenticator>false</enableBuiltInAuthenticator>
        <enableCSPOnEmail>true</enableCSPOnEmail>
        <enableCSRFOnGet>true</enableCSRFOnGet>
        <enableCSRFOnPost>true</enableCSRFOnPost>
        <enableCacheAndAutocomplete>true</enableCacheAndAutocomplete>
        <enableClickjackNonsetupSFDC>true</enableClickjackNonsetupSFDC>
        <enableClickjackNonsetupUser>false</enableClickjackNonsetupUser>
        <enableClickjackNonsetupUserHeaderless>false</enableClickjackNonsetupUserHeaderless>
        <enableClickjackSetup>true</enableClickjackSetup>
        <enableContentSniffingProtection>true</enableContentSniffingProtection>
        <enableLightningLogin>true</enableLightningLogin>
        <enableLightningLoginOnlyWithUserPerm>false</enableLightningLoginOnlyWithUserPerm>
        <enableOauthCorsPolicy>false</enableOauthCorsPolicy>
        <enablePostForSessions>false</enablePostForSessions>
        <enableSMSIdentity>true</enableSMSIdentity>
        <enableU2F>false</enableU2F>
        <enableXssProtection>true</enableXssProtection>
        <enforceIpRangesEveryRequest>false</enforceIpRangesEveryRequest>
        <enforceUserDeviceRevoked>false</enforceUserDeviceRevoked>
        <forceLogoutOnSessionTimeout>true</forceLogoutOnSessionTimeout>
        <forceRelogin>true</forceRelogin>
        <hasRetainedLoginHints>false</hasRetainedLoginHints>
        <hasUserSwitching>true</hasUserSwitching>
        <identityConfirmationOnEmailChange>false</identityConfirmationOnEmailChange>
        <identityConfirmationOnTwoFactorRegistrationEnabled>true</identityConfirmationOnTwoFactorRegistrationEnabled>
        <lockSessionsToDomain>true</lockSessionsToDomain>
        <lockSessionsToIp>false</lockSessionsToIp>
        <lockerServiceCSP>false</lockerServiceCSP>
        <lockerServiceNext>false</lockerServiceNext>
        <lockerServiceNextControl>false</lockerServiceNextControl>
        <redirectionWarning>true</redirectionWarning>
        <referrerPolicy>true</referrerPolicy>
        <requireHttpOnly>false</requireHttpOnly>
        <sessionTimeout>TwoHours</sessionTimeout>
        <useLocalStorageForLogoutUrl>false</useLocalStorageForLogoutUrl>
    </sessionSettings>
    <singleSignOnSettings>
        <enableCaseInsensitiveFederationID>false</enableCaseInsensitiveFederationID>
        <enableMultipleSamlConfigs>true</enableMultipleSamlConfigs>
        <enableSamlJitProvisioning>false</enableSamlJitProvisioning>
        <enableSamlLogin>false</enableSamlLogin>
        <isLoginWithSalesforceCredentialsDisabled>false</isLoginWithSalesforceCredentialsDisabled>
    </singleSignOnSettings>
</SecuritySettings>
