<?xml version="1.0" encoding="UTF-8"?>
<CustomMetadata xmlns="http://soap.sforce.com/2006/04/metadata" xmlns:xsi="http://www.w3.org/2001/XMLSchema-instance" xmlns:xsd="http://www.w3.org/2001/XMLSchema">
    <label>Orchestration Dependency Definition</label>
    <protected>false</protected>
    <values>
        <field>vlocity_cmt__ActivateLimit__c</field>
        <value xsi:nil="true"/>
    </values>
    <values>
        <field>vlocity_cmt__ActivateService__c</field>
        <value xsi:nil="true"/>
    </values>
    <values>
        <field>vlocity_cmt__ActivateType__c</field>
        <value xsi:nil="true"/>
    </values>
    <values>
        <field>vlocity_cmt__DefaultActivateLimit__c</field>
        <value xsi:nil="true"/>
    </values>
    <values>
        <field>vlocity_cmt__DefaultActivateService__c</field>
        <value xsi:nil="true"/>
    </values>
    <values>
        <field>vlocity_cmt__DefaultExportLimit__c</field>
        <value xsi:type="xsd:double">10.0</value>
    </values>
    <values>
        <field>vlocity_cmt__DefaultExportService__c</field>
        <value xsi:type="xsd:string">Orchestration Dependency Definition Migration</value>
    </values>
    <values>
        <field>vlocity_cmt__DefaultImportLimit__c</field>
        <value xsi:type="xsd:double">5.0</value>
    </values>
    <values>
        <field>vlocity_cmt__DefaultImportPostProcess__c</field>
        <value xsi:nil="true"/>
    </values>
    <values>
        <field>vlocity_cmt__DefaultImportService__c</field>
        <value xsi:type="xsd:string">Orchestration Dependency Definition Migration</value>
    </values>
    <values>
        <field>vlocity_cmt__ExportLimit__c</field>
        <value xsi:nil="true"/>
    </values>
    <values>
        <field>vlocity_cmt__ExportService__c</field>
        <value xsi:nil="true"/>
    </values>
    <values>
        <field>vlocity_cmt__ExportType__c</field>
        <value xsi:nil="true"/>
    </values>
    <values>
        <field>vlocity_cmt__ImportLimit__c</field>
        <value xsi:nil="true"/>
    </values>
    <values>
        <field>vlocity_cmt__ImportService__c</field>
        <value xsi:nil="true"/>
    </values>
    <values>
        <field>vlocity_cmt__ImportType__c</field>
        <value xsi:nil="true"/>
    </values>
    <values>
        <field>vlocity_cmt__PrimarySObjectType__c</field>
        <value xsi:type="xsd:string">OrchestrationDependencyDefinition__c</value>
    </values>
    <values>
        <field>vlocity_cmt__ValidateService__c</field>
        <value xsi:nil="true"/>
    </values>
    <values>
        <field>vlocity_cmt__ValidateType__c</field>
        <value xsi:nil="true"/>
    </values>
</CustomMetadata>
